{
    "array[] int,real": {
        "data,data": {
            "i7": {
                "mean": [
                    [
                        1,
                        4,
                        16,
                        64,
                        256,
                        1024,
                        4096,
                        16384,
                        65536,
                        262144,
                        1048576,
                        4194304,
                        16777216
                    ],
                    [
                        37.4785,
                        52.6628,
                        124.356,
                        415.547,
                        1558.78,
                        6109.52,
                        24392.0,
                        97519.9,
                        389584.0,
                        1559410.0,
                        6232780.0,
                        25304000.0,
                        101843000.0
                    ]
                ],
                "stddev": [
                    [
                        1,
                        4,
                        16,
                        64,
                        256,
                        1024,
                        4096,
                        16384,
                        65536,
                        262144,
                        1048576,
                        4194304,
                        16777216
                    ],
                    [
                        1.14634,
                        0.0912346,
                        0.212116,
                        1.44102,
                        2.36925,
                        13.7544,
                        64.4648,
                        275.685,
                        1966.65,
                        4983.37,
                        5547.41,
                        48639.7,
                        202850.0
                    ]
                ]
            }
        },
        "data,param": {
            "i7": {
                "mean": [
                    [
                        1,
                        4,
                        16,
                        64,
                        256,
                        1024,
                        4096,
                        16384,
                        65536,
                        262144,
                        1048576,
                        4194304,
                        16777216
                    ],
                    [
                        42.451,
                        61.8026,
                        145.448,
                        482.682,
                        1818.3,
                        7146.28,
                        28512.6,
                        113386.0,
                        452919.0,
                        1770040.0,
                        7066090.0,
                        28888100.0,
                        116259000.0
                    ]
                ],
                "stddev": [
                    [
                        1,
                        4,
                        16,
                        64,
                        256,
                        1024,
                        4096,
                        16384,
                        65536,
                        262144,
                        1048576,
                        4194304,
                        16777216
                    ],
                    [
                        0.066196,
                        0.0963447,
                        0.31113,
                        1.15353,
                        3.12191,
                        10.6287,
                        49.2931,
                        193.022,
                        7688.96,
                        3057.63,
                        6703.8,
                        89232.7,
                        339571.0
                    ]
                ]
            }
        }
    }
}