{
    "vector": {
        "data": {
            "i7": {
                "mean": [
                    [
                        1,
                        4,
                        16,
                        64,
                        256,
                        1024,
                        4096,
                        16384,
                        65536,
                        262144,
                        1048576,
                        4194304,
                        16777216
                    ],
                    [
                        19.2768,
                        22.6424,
                        38.544,
                        110.974,
                        354.789,
                        1341.03,
                        5312.11,
                        21544.5,
                        86273.0,
                        344694.0,
                        1523580.0,
                        7068690.0,
                        27782200.0
                    ]
                ],
                "stddev": [
                    [
                        1,
                        4,
                        16,
                        64,
                        256,
                        1024,
                        4096,
                        16384,
                        65536,
                        262144,
                        1048576,
                        4194304,
                        16777216
                    ],
                    [
                        0.430642,
                        0.0774004,
                        0.104158,
                        1.28133,
                        5.09786,
                        1.57144,
                        5.63678,
                        57.2622,
                        197.701,
                        760.606,
                        14067.5,
                        264002.0,
                        75947.6
                    ]
                ]
            },
            "radeonvii": {
                "mean": [
                    [
                        1,
                        4,
                        16,
                        64,
                        256,
                        1024,
                        4096,
                        16384,
                        65536,
                        262144,
                        1048576,
                        4194304,
                        16777216
                    ],
                    [
                        163486.0,
                        159515.0,
                        159956.0,
                        160083.0,
                        160852.0,
                        160962.0,
                        160740.0,
                        161157.0,
                        160864.0,
                        175985.0,
                        264609.0,
                        619438.0,
                        2248350.0
                    ]
                ],
                "stddev": [
                    [
                        1,
                        4,
                        16,
                        64,
                        256,
                        1024,
                        4096,
                        16384,
                        65536,
                        262144,
                        1048576,
                        4194304,
                        16777216
                    ],
                    [
                        4226.93,
                        1039.2,
                        789.292,
                        1751.92,
                        1568.48,
                        1362.77,
                        500.238,
                        1652.26,
                        1965.78,
                        3112.25,
                        6425.43,
                        7809.02,
                        46958.7
                    ]
                ]
            }
        },
        "param": {
            "i7": {
                "mean": [
                    [
                        1,
                        4,
                        16,
                        64,
                        256,
                        1024,
                        4096,
                        16384,
                        65536,
                        262144,
                        1048576,
                        4194304,
                        16777216
                    ],
                    [
                        50.702,
                        68.2695,
                        114.161,
                        311.588,
                        1105.68,
                        4438.21,
                        18751.3,
                        80517.5,
                        322466.0,
                        1418320.0,
                        10296900.0,
                        42205600.0,
                        166198000.0
                    ]
                ],
                "stddev": [
                    [
                        1,
                        4,
                        16,
                        64,
                        256,
                        1024,
                        4096,
                        16384,
                        65536,
                        262144,
                        1048576,
                        4194304,
                        16777216
                    ],
                    [
                        0.111508,
                        0.229025,
                        0.254968,
                        1.02022,
                        3.58036,
                        59.2327,
                        66.2835,
                        103.655,
                        432.063,
                        3719.97,
                        17776.0,
                        297356.0,
                        489288.0
                    ]
                ]
            },
            "radeonvii": {
                "mean": [
                    [
                        1,
                        4,
                        16,
                        64,
                        256,
                        1024,
                        4096,
                        16384,
                        65536,
                        262144,
                        1048576,
                        4194304,
                        16777216
                    ],
                    [
                        444736.0,
                        436982.0,
                        421153.0,
                        424478.0,
                        427739.0,
                        423413.0,
                        422650.0,
                        526010.0,
                        981103.0,
                        3351940.0,
                        13293800.0,
                        51181500.0,
                        175529000.0
                    ]
                ],
                "stddev": [
                    [
                        1,
                        4,
                        16,
                        64,
                        256,
                        1024,
                        4096,
                        16384,
                        65536,
                        262144,
                        1048576,
                        4194304,
                        16777216
                    ],
                    [
                        3955.69,
                        6486.48,
                        14410.5,
                        7392.95,
                        7522.29,
                        16159.4,
                        6894.59,
                        9040.37,
                        7294.9,
                        28686.0,
                        200064.0,
                        672780.0,
                        1066360.0
                    ]
                ]
            }
        }
    }
}